date,SPY,IEF,GLD
2024-01-02,472.649994,96.029999,190.720001
2024-01-03,468.790009,96.260002,189.130005
2024-01-04,467.279999,95.68,189.320007
2024-01-05,467.920013,95.330002,189.350006
2024-01-08,474.600006,95.650002,187.869995
2024-01-09,473.880005,95.610001,187.929993
2024-01-10,476.559998,95.459999,187.5
2024-01-11,476.350006,95.970001,187.869995
2024-01-12,476.679993,96.230003,189.710007
2024-01-16,474.929993,95.449997,187.910004
2024-01-17,472.290009,95.139999,185.839996
2024-01-18,476.48999,94.93,187.369995
2024-01-19,482.429993,94.940002,187.929993
2024-01-22,483.450012,95.230003,187.220001
2024-01-23,484.859985,94.989998,187.949997
2024-01-24,485.390015,94.720001,186.399994
2024-01-25,488.029999,95.129997,187.139999
2024-01-26,487.410004,94.959999,187.009995
2024-01-29,491.269989,95.529999,188.330002
2024-01-30,490.890015,95.660004,188.589996
2024-01-31,482.880005,96.459999,188.449997
2024-02-01,489.200012,96.82,190.410004
2024-02-02,494.350006,95.559998,188.610001
2024-02-05,492.549988,94.629997,187.570007
2024-02-06,493.980011,95.139999,188.550003
2024-02-07,498.100006,94.970001,188.5
2024-02-08,498.320007,94.660004,188.330002
2024-02-09,501.200012,94.489998,187.600006
2024-02-12,500.980011,94.580002,187.110001
2024-02-13,494.079987,93.540001,184.529999
2024-02-14,498.570007,93.889999,184.419998
2024-02-15,502.01001,94.150002,185.660004
2024-02-16,499.51001,93.739998,186.339996
2024-02-20,496.76001,93.900002,187.470001
2024-02-21,497.209991,93.599998,187.479996
2024-02-22,507.5,93.610001,187.559998
2024-02-23,507.850006,94.040001,188.619995
2024-02-26,505.98999,93.900002,188.199997
2024-02-27,506.929993,93.690002,188.0
2024-02-28,506.26001,94.029999,188.339996
2024-02-29,508.079987,94.220001,189.309998
2024-03-01,512.849976,94.400002,192.889999
2024-03-04,512.299988,94.190002,196.009995
2024-03-05,507.179993,94.769997,197.190002
2024-03-06,509.75,95.0,198.809998
2024-03-07,514.809998,95.160004,199.940002
2024-03-08,511.720001,95.230003,201.630005
2024-03-11,511.279999,95.110001,202.0
2024-03-12,516.780029,94.720001,199.789993
2024-03-13,515.969971,94.510002,201.190002
2024-03-14,514.950012,93.809998,200.350006
2024-03-15,509.829987,93.650002,199.710007
2024-03-18,512.859985,93.540001,200.029999
2024-03-19,515.710022,93.809998,199.800003
2024-03-20,520.47998,94.029999,202.179993
2024-03-21,522.200012,94.040001,201.970001
2024-03-22,521.210022,94.5,200.350006
2024-03-25,519.77002,94.25,200.990005
2024-03-26,518.809998,94.389999,201.639999
2024-03-27,523.169983,94.75,203.100006
2024-03-28,523.070007,94.660004,205.720001
2024-04-01,522.159973,93.529999,207.820007
2024-04-02,518.840027,93.330002,210.889999
2024-04-03,519.409973,93.440002,212.740005
2024-04-04,513.070007,93.760002,211.520004
2024-04-05,518.429993,93.139999,215.139999
2024-04-08,518.719971,92.93,216.479996
2024-04-09,519.320007,93.300003,217.669998
2024-04-10,514.119995,92.059998,215.610001
2024-04-11,518.0,91.93,219.800003
2024-04-12,510.850006,92.309998,216.889999
2024-04-15,504.450012,91.720001,220.949997
2024-04-16,503.529999,91.360001,221.220001
2024-04-17,500.549988,91.940002,219.589996
2024-04-18,499.519989,91.620003,220.339996
2024-04-19,495.160004,91.739998,221.029999
2024-04-22,499.720001,91.75,215.570007
2024-04-23,505.649994,91.870003,215.039993
2024-04-24,505.410004,91.589996,214.639999
2024-04-25,503.48999,91.239998,215.919998
2024-04-26,508.26001,91.489998,216.619995
2024-04-29,510.059998,91.860001,216.179993
2024-04-30,501.980011,91.43,211.869995
2024-05-01,500.350006,91.519997,213.789993
2024-05-02,505.029999,91.949997,213.130005
2024-05-03,511.290009,92.459999,212.960007
2024-05-06,516.570007,92.540001,215.199997
2024-05-07,517.140015,92.779999,214.210007
2024-05-08,517.190002,92.519997,213.580002
2024-05-09,520.169983,92.800003,216.949997
2024-05-10,520.840027,92.5,218.710007
2024-05-13,520.909973,92.610001,216.259995
2024-05-14,523.299988,92.879997,218.089996
2024-05-15,529.780029,93.580002,220.889999
2024-05-16,528.690002,93.400002,220.029999
2024-05-17,529.450012,93.110001,223.660004
2024-05-20,530.059998,92.970001,224.559998
2024-05-21,531.359985,93.209999,224.229996
2024-05-22,529.830017,93.089996,220.110001
2024-05-23,525.960022,92.760002,215.720001
2024-05-24,529.440002,92.879997,215.919998
2024-05-28,529.809998,92.360001,218.190002
2024-05-29,526.099976,91.910004,216.160004
2024-05-30,522.609985,92.370003,216.570007
2024-05-31,527.369995,92.800003,215.300003
2024-06-03,527.799988,93.129997,217.220001
2024-06-04,528.390015,93.639999,215.270004
2024-06-05,534.669983,93.980003,217.820007
2024-06-06,534.659973,93.940002,219.429993
2024-06-07,534.01001,92.949997,211.600006
2024-06-10,535.659973,92.75,213.539993
2024-06-11,536.950012,93.239998,214.149994
2024-06-12,541.359985,93.760002,214.720001
2024-06-13,542.450012,94.379997,212.970001
2024-06-14,542.780029,94.599998,215.729996
2024-06-17,547.099976,94.160004,214.610001
2024-06-18,548.48999,94.57,215.470001
2024-06-20,547.0,94.330002,218.160004
2024-06-21,544.51001,94.349998,214.779999
2024-06-24,542.73999,94.43,215.630005
2024-06-25,544.830017,94.510002,214.559998
2024-06-26,545.51001,93.940002,212.580002
2024-06-27,546.369995,94.150002,214.990005
2024-06-28,544.219971,93.650002,215.009995
2024-07-01,545.340027,92.669998,215.570007
2024-07-02,549.01001,93.019997,215.559998
2024-07-03,551.460022,93.639999,217.990005
2024-07-05,554.640015,94.160004,220.929993
2024-07-08,555.280029,94.190002,218.190002
2024-07-09,555.820007,94.059998,218.559998
2024-07-10,561.320007,94.150002,219.360001
2024-07-11,556.47998,94.75,223.25
2024-07-12,559.98999,94.949997,223.110001
2024-07-15,561.530029,94.650002,223.830002
2024-07-16,564.859985,95.07,228.289993
2024-07-17,556.940002,95.150002,227.229996
2024-07-18,552.659973,94.879997,225.779999
2024-07-19,548.98999,94.580002,221.729996
2024-07-22,554.650024,94.489998,221.800003
2024-07-23,553.780029,94.559998,222.580002
2024-07-24,541.22998,94.349998,221.800003
2024-07-25,538.409973,94.559998,218.330002
2024-07-26,544.440002,95.010002,220.630005
2024-07-29,544.76001,95.169998,220.320007
2024-07-30,542.0,95.370003,222.520004
2024-07-31,550.809998,96.07,226.550003
2024-08-01,543.01001,96.190002,225.770004
2024-08-02,532.900024,97.68,225.339996
2024-08-05,517.380005,97.779999,222.479996
2024-08-06,522.150024,96.910004,220.699997
2024-08-07,518.659973,96.559998,220.550003
2024-08-08,530.650024,96.269997,224.009995
2024-08-09,532.98999,96.660004,224.559998
2024-08-12,533.27002,96.93,228.410004
2024-08-13,542.039978,97.360001,228.059998
2024-08-14,543.75,97.489998,226.199997
2024-08-15,553.070007,96.879997,226.910004
2024-08-16,554.309998,97.07,231.990005
2024-08-19,559.609985,97.199997,231.610001
2024-08-20,558.700012,97.589996,232.460007
2024-08-21,560.619995,97.790001,232.149994
2024-08-22,556.219971,97.339996,229.369995
2024-08-23,562.130005,97.790001,232.020004
2024-08-26,560.789978,97.669998,232.759995
2024-08-27,561.559998,97.629997,233.389999
2024-08-28,558.299988,97.580002,231.75
2024-08-29,558.349976,97.410004,232.949997
2024-08-30,563.679993,97.07,231.289993
2024-09-03,552.080017,97.419998,230.289993
2024-09-04,550.950012,97.989998,230.429993
2024-09-05,549.609985,98.220001,232.350006
2024-09-06,540.359985,98.360001,230.630005
2024-09-09,546.409973,98.5,231.600006
2024-09-10,548.789978,98.919998,232.619995
2024-09-11,554.419983,98.849998,232.25
2024-09-12,559.090027,98.690002,236.330002
2024-09-13,562.01001,98.879997,238.679993
2024-09-16,562.840027,99.139999,238.660004
2024-09-17,563.070007,98.959999,237.339996
2024-09-18,561.400024,98.529999,235.509995
2024-09-19,570.97998,98.449997,239.169998
2024-09-20,568.25,98.419998,242.210007
2024-09-23,569.669983,98.360001,242.679993
2024-09-24,571.299988,98.470001,246.070007
2024-09-25,570.039978,98.07,245.729996
2024-09-26,572.299988,98.0,246.979996
2024-09-27,571.469971,98.389999,245.020004
2024-09-30,573.76001,98.120003,243.059998
2024-10-01,568.619995,98.190002,245.610001
2024-10-02,568.859985,97.910004,245.660004
2024-10-03,567.820007,97.410004,245.490005
2024-10-04,572.97998,96.470001,245.0
2024-10-07,567.799988,96.120003,244.169998
2024-10-08,573.169983,96.199997,242.369995
2024-10-09,577.140015,95.839996,241.050003
2024-10-10,576.130005,95.830002,242.820007
2024-10-11,579.580017,95.860001,245.470001
2024-10-14,584.320007,95.690002,245.070007
2024-10-15,579.780029,96.18,245.919998
2024-10-16,582.299988,96.330002,247.149994
2024-10-17,582.349976,95.830002,248.630005
2024-10-18,584.590027,95.940002,251.270004
2024-10-21,583.630005,95.199997,251.220001
2024-10-22,583.320007,95.110001,253.929993
2024-10-23,577.98999,94.889999,250.869995
2024-10-24,579.23999,95.099998,252.800003
2024-10-25,579.039978,94.889999,253.320007
2024-10-28,580.830017,94.669998,253.330002
2024-10-29,581.77002,94.709999,256.089996
2024-10-30,580.01001,94.57,257.5
2024-10-31,568.640015,94.519997,253.509995
2024-11-01,571.039978,93.669998,252.470001
2024-11-04,569.809998,94.169998,252.830002
2024-11-05,576.700012,94.220001,253.399994
2024-11-06,591.039978,93.25,245.699997
2024-11-07,595.609985,94.0,249.649994
2024-11-08,598.190002,94.199997,247.960007
2024-11-11,598.76001,93.940002,242.139999
2024-11-12,596.900024,93.349998,240.050003
2024-11-13,597.190002,93.290001,237.630005
2024-11-14,593.349976,93.279999,237.009995
2024-11-15,585.75,93.32,236.589996
2024-11-18,588.150024,93.529999,241.089996
2024-11-19,590.299988,93.730003,243.25
2024-11-20,590.5,93.589996,244.619995
2024-11-21,593.669983,93.540001,246.660004
2024-11-22,595.51001,93.599998,249.839996
2024-11-25,597.530029,94.610001,242.479996
2024-11-26,600.650024,94.410004,242.949997
2024-11-27,598.830017,94.790001,243.490005
2024-11-29,602.549988,95.190002,245.589996
2024-12-02,603.630005,94.889999,243.440002
2024-12-03,603.909973,94.620003,243.929993
2024-12-04,607.659973,94.980003,244.669998
2024-12-05,606.659973,94.970001,242.860001
2024-12-06,607.809998,95.269997,242.949997
2024-12-09,604.679993,94.940002,245.360001
2024-12-10,602.799988,94.769997,248.589996
2024-12-11,607.460022,94.489998,250.960007
2024-12-12,604.330017,94.129997,247.279999
2024-12-13,604.210022,93.690002,244.289993
2024-12-16,606.789978,93.720001,244.880005
2024-12-17,604.289978,93.720001,243.940002
2024-12-18,586.280029,92.690002,239.259995
2024-12-19,586.099976,92.269997,239.600006
2024-12-20,591.150024,92.610001,242.100006
2024-12-23,594.690002,92.199997,240.960007
2024-12-24,601.299988,92.25,241.440002
2024-12-26,601.340027,92.32,243.070007
2024-12-27,595.01001,92.080002,241.399994
2024-12-30,588.219971,92.620003,240.630005
2024-12-31,586.080017,92.449997,242.130005
